Commit,File Sha,Type,Path,Lines Added,Lines Deleted,Current Lines,Commit Author,Commit Date Utc,Commit Message,Work Items
53914f0a9cba77256188630e6870f98494a94e85,8dd4607a4b3c4f581d2728ef1cd2d15ad42e2ee2,Added,.gitignore,398,0,398,1,04/19/2024 02:07:44,Added project,0
53914f0a9cba77256188630e6870f98494a94e85,791cb45db90ec48323ba2b29def2b63ca73b5574,Added,.idea/.idea.MattEland.Werewolf/.idea/.gitignore,13,0,13,1,04/19/2024 02:07:44,Added project,0
53914f0a9cba77256188630e6870f98494a94e85,7b08163cebc50fb3e777eea4881b68fcebc10590,Added,.idea/.idea.MattEland.Werewolf/.idea/indexLayout.xml,8,0,8,1,04/19/2024 02:07:44,Added project,0
53914f0a9cba77256188630e6870f98494a94e85,febde0f8f9c3c8bc3d6bd35ecfd0d21ae1a7f9f2,Added,.idea/.idea.MattEland.Werewolf/.idea/material_theme_project_new.xml,17,0,17,1,04/19/2024 02:07:44,Added project,0
53914f0a9cba77256188630e6870f98494a94e85,f77ef21bdc1694e6af664e73a717beb5804944be,Added,MattEland.Werewolf.sln,34,0,34,1,04/19/2024 02:07:44,Added project,0
53914f0a9cba77256188630e6870f98494a94e85,8ef0769eb0ea8f8f0dc2cc9b873580e7775e6de2,Added,MattEland.Wherewolf.Benchmarking/MattEland.Wherewolf.Benchmarking.csproj,19,0,19,1,04/19/2024 02:07:44,Added project,0
53914f0a9cba77256188630e6870f98494a94e85,e5dff12bc410be0bac59bc70865a8e21827ec7f3,Added,MattEland.Wherewolf.Benchmarking/Program.cs,3,0,3,1,04/19/2024 02:07:44,Added project,0
53914f0a9cba77256188630e6870f98494a94e85,61b0a1f7a919b01db6ade8f2e4c5ead0cccc5827,Added,MattEland.Wherewolf.Console/MattEland.Wherewolf.Console.csproj,19,0,19,1,04/19/2024 02:07:44,Added project,0
53914f0a9cba77256188630e6870f98494a94e85,67e1c1795f592d5f01f04470fe696c637f3e0bc3,Added,MattEland.Wherewolf.Console/Program.cs,15,0,15,1,04/19/2024 02:07:44,Added project,0
53914f0a9cba77256188630e6870f98494a94e85,8c927eb747a6a304db265e6753aee6c47504f604,Added,MattEland.Wherewolf.Tests/GlobalUsings.cs,1,0,1,1,04/19/2024 02:07:44,Added project,0
53914f0a9cba77256188630e6870f98494a94e85,2fcceae113d45a39faa4db9fc0c45e8f8d8f68f1,Added,MattEland.Wherewolf.Tests/MattEland.Wherewolf.Tests.csproj,31,0,31,1,04/19/2024 02:07:44,Added project,0
53914f0a9cba77256188630e6870f98494a94e85,8dde132c1156bf5b9a5b47d9258b1859ad9babd2,Added,MattEland.Wherewolf.Tests/UnitTest1.cs,54,0,54,1,04/19/2024 02:07:44,Added project,0
53914f0a9cba77256188630e6870f98494a94e85,efff9fa6deb922a727f1e19f47739ec52cc207b8,Added,MattEland.Wherewolf/Controllers/HumanController.cs,5,0,5,1,04/19/2024 02:07:44,Added project,0
53914f0a9cba77256188630e6870f98494a94e85,b8972d672174a70c07cefadc95ab8e8f798eb05e,Added,MattEland.Wherewolf/Controllers/PlayerController.cs,5,0,5,1,04/19/2024 02:07:44,Added project,0
53914f0a9cba77256188630e6870f98494a94e85,4981791340275c9ffbca8d3cd44570f80b8497cb,Added,MattEland.Wherewolf/Controllers/RandomController.cs,6,0,6,1,04/19/2024 02:07:44,Added project,0
53914f0a9cba77256188630e6870f98494a94e85,71076014035bfd089c9bda60321c6c4aabb74ccc,Added,MattEland.Wherewolf/Game.cs,14,0,14,1,04/19/2024 02:07:44,Added project,0
53914f0a9cba77256188630e6870f98494a94e85,a24a3540b49fca6e18197e9eb5bc3e0547db6264,Added,MattEland.Wherewolf/MattEland.Wherewolf.csproj,10,0,10,1,04/19/2024 02:07:44,Added project,0
53914f0a9cba77256188630e6870f98494a94e85,f2c1dfc6f2cd4500218929c6ae12b83cd64c04f0,Added,MattEland.Wherewolf/Player.cs,7,0,7,1,04/19/2024 02:07:44,Added project,0
a7918ed4426845719f580c4a0c222efa898e69a7,791cb45db90ec48323ba2b29def2b63ca73b5574,Renamed,.idea/.idea.MattEland.Wherewolf/.idea/.gitignore,0,0,13,1,04/19/2024 02:12:08,Fixed path to Wherewolf,0
a7918ed4426845719f580c4a0c222efa898e69a7,7b08163cebc50fb3e777eea4881b68fcebc10590,Renamed,.idea/.idea.MattEland.Wherewolf/.idea/indexLayout.xml,0,0,8,1,04/19/2024 02:12:08,Fixed path to Wherewolf,0
a7918ed4426845719f580c4a0c222efa898e69a7,febde0f8f9c3c8bc3d6bd35ecfd0d21ae1a7f9f2,Renamed,.idea/.idea.MattEland.Wherewolf/.idea/material_theme_project_new.xml,0,0,17,1,04/19/2024 02:12:08,Fixed path to Wherewolf,0
a7918ed4426845719f580c4a0c222efa898e69a7,94a25f7f4cb416c083d265558da75d457237d671,Added,.idea/.idea.MattEland.Wherewolf/.idea/vcs.xml,6,0,6,1,04/19/2024 02:12:08,Fixed path to Wherewolf,0
a7918ed4426845719f580c4a0c222efa898e69a7,f77ef21bdc1694e6af664e73a717beb5804944be,Renamed,MattEland.Wherewolf.sln,0,0,34,1,04/19/2024 02:12:08,Fixed path to Wherewolf,0
b6c5e208d066d227269c70517b096b99ce9634c3,786f8bea43acea76303ec6e50599b5a3d5302638,Modified,MattEland.Wherewolf.Console/Program.cs,11,4,22,1,04/19/2024 02:25:47,Structuring early application.,0
b6c5e208d066d227269c70517b096b99ce9634c3,8dde132c1156bf5b9a5b47d9258b1859ad9babd2,Renamed,MattEland.Wherewolf.Tests/GamePlayerTests.cs,0,0,54,1,04/19/2024 02:25:47,Structuring early application.,0
b6c5e208d066d227269c70517b096b99ce9634c3,ce85fa466a5a691fe7945df1a3628700ca3bfa5b,Added,MattEland.Wherewolf.Tests/GameRoleTests.cs,54,0,54,1,04/19/2024 02:25:47,Structuring early application.,0
b6c5e208d066d227269c70517b096b99ce9634c3,068747e73c6e3029bd6b2b3d143a6171944b28e3,Modified,MattEland.Wherewolf/Game.cs,31,2,43,1,04/19/2024 02:25:47,Structuring early application.,0
b6c5e208d066d227269c70517b096b99ce9634c3,db0b58a49d148ea43b6483993318e08c0f39e22b,Added,MattEland.Wherewolf/Roles/GameRole.cs,5,0,5,1,04/19/2024 02:25:47,Structuring early application.,0
b6c5e208d066d227269c70517b096b99ce9634c3,36bb9104d3ef43412e878e99d9df00a7ca1d97a1,Added,MattEland.Wherewolf/Roles/Team.cs,7,0,7,1,04/19/2024 02:25:47,Structuring early application.,0
b6c5e208d066d227269c70517b096b99ce9634c3,bbe4f5c06aae4079f4dadc0d036e9f2b3ce1165d,Added,MattEland.Wherewolf/Roles/VillagerRole.cs,6,0,6,1,04/19/2024 02:25:47,Structuring early application.,0
b6c5e208d066d227269c70517b096b99ce9634c3,3fc2870c2d021eeca8ae3eb2e510aa805fab75d2,Added,MattEland.Wherewolf/Roles/WerewolfRole.cs,5,0,5,1,04/19/2024 02:25:47,Structuring early application.,0
ba4f3acb4bc1111109f5f8cd1a0813c794a22fd7,fe41fb745bec87c01dfd15d13779b701d96b006c,Added,.idea/.idea.MattEland.Werewolf/.idea/workspace.xml,158,0,158,1,04/19/2024 03:24:09,Early game creation and summarization,0
ba4f3acb4bc1111109f5f8cd1a0813c794a22fd7,349fd9650588e088d989a484518def2109ab4c86,Added,.idea/.idea.MattEland.Wherewolf/.idea/.name,1,0,1,1,04/19/2024 03:24:09,Early game creation and summarization,0
ba4f3acb4bc1111109f5f8cd1a0813c794a22fd7,e4a8fb0c94b4d31d1e20ff1d3d8ae0d83cc28075,Modified,MattEland.Wherewolf.Console/Program.cs,31,0,53,1,04/19/2024 03:24:09,Early game creation and summarization,0
ba4f3acb4bc1111109f5f8cd1a0813c794a22fd7,6a8a2120b11b32903700674c09884d75f7eacedc,Added,MattEland.Wherewolf.Tests/StartGameTests.cs,184,0,184,1,04/19/2024 03:24:09,Early game creation and summarization,0
ba4f3acb4bc1111109f5f8cd1a0813c794a22fd7,e3a0f11a10c0bb63278c6784b3d0ec89c194efff,Modified,MattEland.Wherewolf/Game.cs,7,0,50,1,04/19/2024 03:24:09,Early game creation and summarization,0
ba4f3acb4bc1111109f5f8cd1a0813c794a22fd7,2b7d58013ea0c5bca7f9db34f273a1193599d18c,Added,MattEland.Wherewolf/GameSlot.cs,8,0,8,1,04/19/2024 03:24:09,Early game creation and summarization,0
ba4f3acb4bc1111109f5f8cd1a0813c794a22fd7,e471a4618f8026c3fa9f2f13ad435b7366e4e2a7,Added,MattEland.Wherewolf/GameState.cs,67,0,67,1,04/19/2024 03:24:09,Early game creation and summarization,0
ba4f3acb4bc1111109f5f8cd1a0813c794a22fd7,d6a1e0e1cc925f656cce359a9c786becf565511d,Modified,MattEland.Wherewolf/Player.cs,1,1,7,1,04/19/2024 03:24:09,Early game creation and summarization,0
ba4f3acb4bc1111109f5f8cd1a0813c794a22fd7,7a2919fb838af8f8f52f5771b8bf058146891aeb,Added,MattEland.Wherewolf/RandomShuffler.cs,11,0,11,1,04/19/2024 03:24:09,Early game creation and summarization,0
ba4f3acb4bc1111109f5f8cd1a0813c794a22fd7,cf6e4beb44925c6223c4d6c2a878caea95ec6f23,Modified,MattEland.Wherewolf/Roles/GameRole.cs,2,0,7,1,04/19/2024 03:24:09,Early game creation and summarization,0
ba4f3acb4bc1111109f5f8cd1a0813c794a22fd7,d769c0c5de636983f2b06e99867a5acff8defbe5,Modified,MattEland.Wherewolf/Roles/VillagerRole.cs,2,1,7,1,04/19/2024 03:24:09,Early game creation and summarization,0
ba4f3acb4bc1111109f5f8cd1a0813c794a22fd7,73658604858a4988754964ecc035a646f70afa5f,Modified,MattEland.Wherewolf/Roles/WerewolfRole.cs,2,0,7,1,04/19/2024 03:24:09,Early game creation and summarization,0
b5cdfe154be7342f2785d0450efd047e2c1b6295,a48376bcffbe4bbaf00a8940c6329c9be56548c7,Modified,.idea/.idea.MattEland.Werewolf/.idea/workspace.xml,6,32,132,1,04/19/2024 03:29:43,Good early game display,0
3ea7f19a21b935b69c2a1d15500c0e3984872a0e,fe801ac69c7c50aae4ecf3d4a402503541090ba0,Added,MattEland.Wherewolf.Console/DisplayHelpers.cs,56,0,56,1,04/20/2024 04:10:55,Beginnings of knowledge representation and events,0
3ea7f19a21b935b69c2a1d15500c0e3984872a0e,3524196a15ae355fea02b7518f34a7808a756ff2,Modified,MattEland.Wherewolf.Console/Program.cs,45,21,77,1,04/20/2024 04:10:55,Beginnings of knowledge representation and events,0
3ea7f19a21b935b69c2a1d15500c0e3984872a0e,4a9751edad2cd296f7f72f2d9489495563aadee9,Added,MattEland.Wherewolf.Tests/Helpers/NonShuffler.cs,9,0,9,1,04/20/2024 04:10:55,Beginnings of knowledge representation and events,0
3ea7f19a21b935b69c2a1d15500c0e3984872a0e,e66142d35b8d89e9238c4ad4e817b458664cb7d4,Added,MattEland.Wherewolf.Tests/PlayerStateTests.cs,42,0,42,1,04/20/2024 04:10:55,Beginnings of knowledge representation and events,0
3ea7f19a21b935b69c2a1d15500c0e3984872a0e,2731f087549a8ad7c3c6a75191fb200aac95ea01,Added,MattEland.Wherewolf.Tests/Roles/RoleTestBase.cs,32,0,32,1,04/20/2024 04:10:55,Beginnings of knowledge representation and events,0
3ea7f19a21b935b69c2a1d15500c0e3984872a0e,dbb1442b489427ba6276f2f3f9eb0fe03b183444,Added,MattEland.Wherewolf.Tests/Roles/VillagerRoleTests.cs,37,0,37,1,04/20/2024 04:10:55,Beginnings of knowledge representation and events,0
3ea7f19a21b935b69c2a1d15500c0e3984872a0e,0bbc8b3ae16d69b97f292f507263abcf5ef81860,Modified,MattEland.Wherewolf.Tests/StartGameTests.cs,45,4,225,1,04/20/2024 04:10:55,Beginnings of knowledge representation and events,0
3ea7f19a21b935b69c2a1d15500c0e3984872a0e,99d98c02b20ef02128a0285831a1d775f1cc6611,Added,MattEland.Wherewolf/Events/DealtCardEvent.cs,23,0,23,1,04/20/2024 04:10:55,Beginnings of knowledge representation and events,0
3ea7f19a21b935b69c2a1d15500c0e3984872a0e,21ebb7edcbca1c817ddc4aac112e09b42d88af4f,Added,MattEland.Wherewolf/Events/GameEvent.cs,7,0,7,1,04/20/2024 04:10:55,Beginnings of knowledge representation and events,0
3ea7f19a21b935b69c2a1d15500c0e3984872a0e,a355e834b0cf00a1f4237c6bd01fb2a21d314573,Modified,MattEland.Wherewolf/Game.cs,3,1,52,1,04/20/2024 04:10:55,Beginnings of knowledge representation and events,0
3ea7f19a21b935b69c2a1d15500c0e3984872a0e,d2aa64eea01972d9024743d84c0ac9c1f81880f9,Modified,MattEland.Wherewolf/GameState.cs,44,3,108,1,04/20/2024 04:10:55,Beginnings of knowledge representation and events,0
3ea7f19a21b935b69c2a1d15500c0e3984872a0e,cb7c426799ae1ecce9eaddbf36c5a0d6a6bbbcf5,Modified,MattEland.Wherewolf/Player.cs,1,0,8,1,04/20/2024 04:10:55,Beginnings of knowledge representation and events,0
3ea7f19a21b935b69c2a1d15500c0e3984872a0e,b198eb32d541a827839f92e671084f9542cc4ae7,Added,MattEland.Wherewolf/PlayerState.cs,19,0,19,1,04/20/2024 04:10:55,Beginnings of knowledge representation and events,0
1cad1831c63e76c297000e4c872455228394b928,cb93499972c034e183743c5e78c60a67b999eb2d,Modified,MattEland.Wherewolf.Console/Program.cs,1,0,78,1,04/20/2024 21:26:58,Beginnings of night phase,0
1cad1831c63e76c297000e4c872455228394b928,fab9316b89f3f112ba41a6c32df167341dd3381f,Modified,MattEland.Wherewolf.Tests/GamePlayerTests.cs,0,1,53,1,04/20/2024 21:26:58,Beginnings of night phase,0
1cad1831c63e76c297000e4c872455228394b928,759a02ad1a6ce75c4e3d0fe9f4fd64c220e3d1db,Modified,MattEland.Wherewolf.Tests/GameRoleTests.cs,0,1,53,1,04/20/2024 21:26:58,Beginnings of night phase,0
1cad1831c63e76c297000e4c872455228394b928,fbfed616b42407dbfa29f000aa834bf86aa47822,Added,MattEland.Wherewolf.Tests/GameTestsBase.cs,23,0,23,1,04/20/2024 21:26:58,Beginnings of night phase,0
1cad1831c63e76c297000e4c872455228394b928,bd8299f6f213dd93ae428cdaf1f6c8a11c08af58,Modified,MattEland.Wherewolf.Tests/GlobalUsings.cs,2,1,2,1,04/20/2024 21:26:58,Beginnings of night phase,0
1cad1831c63e76c297000e4c872455228394b928,4506060cb385ae08954d90cbcd0dca179781c9c1,Modified,MattEland.Wherewolf.Tests/PlayerStateTests.cs,0,1,41,1,04/20/2024 21:26:58,Beginnings of night phase,0
1cad1831c63e76c297000e4c872455228394b928,033dc7f41240f0aa2d2d7350ae2dfffe9ddd3687,Modified,MattEland.Wherewolf.Tests/Roles/VillagerRoleTests.cs,0,1,36,1,04/20/2024 21:26:58,Beginnings of night phase,0
1cad1831c63e76c297000e4c872455228394b928,66d587408072ecd61559e8d7ed902b784702ffb4,Added,MattEland.Wherewolf.Tests/Roles/WerewolfRoleTests.cs,33,0,33,1,04/20/2024 21:26:58,Beginnings of night phase,0
1cad1831c63e76c297000e4c872455228394b928,945301043f5d1ba88bf7aa8c6f851c7308ac2613,Added,MattEland.Wherewolf.Tests/RunGameTests.cs,24,0,24,1,04/20/2024 21:26:58,Beginnings of night phase,0
1cad1831c63e76c297000e4c872455228394b928,b7516b815091b73978d8acea1ea9f0d237f9246a,Modified,MattEland.Wherewolf.Tests/StartGameTests.cs,4,20,209,1,04/20/2024 21:26:58,Beginnings of night phase,0
1cad1831c63e76c297000e4c872455228394b928,6220371510bfb434d7c02b7c2b61f0d3e6606881,Added,MattEland.Wherewolf/Events/SoloWolfEvent.cs,21,0,21,1,04/20/2024 21:26:58,Beginnings of night phase,0
1cad1831c63e76c297000e4c872455228394b928,6af60c2ce81d7016ae23ae16523e06cdf954c387,Modified,MattEland.Wherewolf/Game.cs,1,1,52,1,04/20/2024 21:26:58,Beginnings of night phase,0
1cad1831c63e76c297000e4c872455228394b928,ac4bb78c5a1bc8479fe06a298d0df8d9dfa81c66,Added,MattEland.Wherewolf/GamePhase.cs,8,0,8,1,04/20/2024 21:26:58,Beginnings of night phase,0
1cad1831c63e76c297000e4c872455228394b928,c0d82bbd3f819992a3b03de1c3eb5175b679185a,Modified,MattEland.Wherewolf/GameState.cs,61,11,158,1,04/20/2024 21:26:58,Beginnings of night phase,0
1cad1831c63e76c297000e4c872455228394b928,5b172cec9f56c14cc779233ff5e0b088eb7de9a6,Added,MattEland.Wherewolf/ISlotShuffler.cs,8,0,8,1,04/20/2024 21:26:58,Beginnings of night phase,0
1cad1831c63e76c297000e4c872455228394b928,76c2fcaafa48335e64d8e8c4bbcfefc24b4124fb,Modified,MattEland.Wherewolf/Roles/GameRole.cs,6,0,13,1,04/20/2024 21:26:58,Beginnings of night phase,0
1cad1831c63e76c297000e4c872455228394b928,ae67542624b9668cddc04d27e4c29c7a14107585,Modified,MattEland.Wherewolf/Roles/VillagerRole.cs,1,0,8,1,04/20/2024 21:26:58,Beginnings of night phase,0
1cad1831c63e76c297000e4c872455228394b928,44aa0009f17bebadd0dfe74fb992a4de8d82b159,Added,MattEland.Wherewolf/Roles/WerewolfNightPhase.cs,19,0,19,1,04/20/2024 21:26:58,Beginnings of night phase,0
1cad1831c63e76c297000e4c872455228394b928,1a9629a52c54afcbfb096d8a2910e459eb3e4a0e,Modified,MattEland.Wherewolf/Roles/WerewolfRole.cs,6,0,13,1,04/20/2024 21:26:58,Beginnings of night phase,0
61e2be08cec6161ea91f5f2dbce6b2df77fb1087,789ddc45cf3452f46a9876ce0dbc9709db701831,Modified,MattEland.Wherewolf.Tests/GameTestsBase.cs,2,2,23,1,04/20/2024 21:40:55,Saw other wolves event,0
61e2be08cec6161ea91f5f2dbce6b2df77fb1087,eed3f5f84e4aa8b2f5d7c4d40dd59c9d8dc4e751,Modified,MattEland.Wherewolf.Tests/Roles/WerewolfRoleTests.cs,27,1,59,1,04/20/2024 21:40:55,Saw other wolves event,0
61e2be08cec6161ea91f5f2dbce6b2df77fb1087,ff962a35d717cea40b842d4b03208f52c8824b68,Modified,MattEland.Wherewolf.Tests/RunGameTests.cs,3,1,26,1,04/20/2024 21:40:55,Saw other wolves event,0
61e2be08cec6161ea91f5f2dbce6b2df77fb1087,363fc4d92e9d9a2ebf470b70cc1c77353dffe667,Added,MattEland.Wherewolf/Events/SawOtherWolvesEvent.cs,22,0,22,1,04/20/2024 21:40:55,Saw other wolves event,0
61e2be08cec6161ea91f5f2dbce6b2df77fb1087,8bba6cb919fc1192774f7c3f6fbf969c886cb26d,Modified,MattEland.Wherewolf/GameState.cs,1,0,159,1,04/20/2024 21:40:55,Saw other wolves event,0
61e2be08cec6161ea91f5f2dbce6b2df77fb1087,33124a8a30fec846949b9c7f01237316496a817b,Renamed,MattEland.Wherewolf/Phases/GamePhase.cs,1,1,8,1,04/20/2024 21:40:55,Saw other wolves event,0
61e2be08cec6161ea91f5f2dbce6b2df77fb1087,881f0d343f44e5112c1466079e2b269df86c6bf9,Renamed,MattEland.Wherewolf/Phases/WerewolfNightPhase.cs,6,1,24,1,04/20/2024 21:40:55,Saw other wolves event,0
61e2be08cec6161ea91f5f2dbce6b2df77fb1087,ab391937bb0492305c20e8722079ed595614a507,Modified,MattEland.Wherewolf/Roles/GameRole.cs,2,0,15,1,04/20/2024 21:40:55,Saw other wolves event,0
61e2be08cec6161ea91f5f2dbce6b2df77fb1087,afa5a4cfc8e87a7ee80cd1c68abfb50572bf7a55,Modified,MattEland.Wherewolf/Roles/WerewolfRole.cs,2,0,15,1,04/20/2024 21:40:55,Saw other wolves event,0
0eabd3328f252d888da0fd5ce7d37cf2d8b8b3e7,eec123a740277102582eab904c209d79c7f4c21a,Modified,.idea/.idea.MattEland.Wherewolf/.idea/.gitignore,2,0,15,1,04/21/2024 01:59:12,Reorganizing for game setup and early probability,0
0eabd3328f252d888da0fd5ce7d37cf2d8b8b3e7,423f00190bf429d2c5fa37e14d16dd4c23f64473,Modified,MattEland.Wherewolf.Console/Program.cs,5,5,78,1,04/21/2024 01:59:12,Reorganizing for game setup and early probability,0
0eabd3328f252d888da0fd5ce7d37cf2d8b8b3e7,2bc0c48c56bcc3c584278eca093fa366c7cbdba2,Added,MattEland.Wherewolf.Tests/BasicProbabilityTests.cs,26,0,26,1,04/21/2024 01:59:12,Reorganizing for game setup and early probability,0
0eabd3328f252d888da0fd5ce7d37cf2d8b8b3e7,63b1744c3acbb05b7b5f5d728b2811c6b94d96fc,Modified,MattEland.Wherewolf.Tests/GamePlayerTests.cs,12,12,53,1,04/21/2024 01:59:12,Reorganizing for game setup and early probability,0
0eabd3328f252d888da0fd5ce7d37cf2d8b8b3e7,e7390acb3feae7ca38fbbf1203928a70cb7dc1c8,Modified,MattEland.Wherewolf.Tests/GameRoleTests.cs,12,12,53,1,04/21/2024 01:59:12,Reorganizing for game setup and early probability,0
0eabd3328f252d888da0fd5ce7d37cf2d8b8b3e7,170b44f3d90eb8537f415e8d1bbedf166e92ec67,Modified,MattEland.Wherewolf.Tests/GameTestsBase.cs,4,4,23,1,04/21/2024 01:59:12,Reorganizing for game setup and early probability,0
0eabd3328f252d888da0fd5ce7d37cf2d8b8b3e7,4169499771db072b375c3b062640516d02612f5b,Modified,MattEland.Wherewolf.Tests/PlayerStateTests.cs,2,2,41,1,04/21/2024 01:59:12,Reorganizing for game setup and early probability,0
0eabd3328f252d888da0fd5ce7d37cf2d8b8b3e7,1c04806432c9e484fa7a960573715c59644c3980,Modified,MattEland.Wherewolf.Tests/Roles/RoleTestBase.cs,9,9,32,1,04/21/2024 01:59:12,Reorganizing for game setup and early probability,0
0eabd3328f252d888da0fd5ce7d37cf2d8b8b3e7,e89909125dd29e830b79eb121e6546c18f7c3265,Modified,MattEland.Wherewolf.Tests/Roles/VillagerRoleTests.cs,1,1,36,1,04/21/2024 01:59:12,Reorganizing for game setup and early probability,0
0eabd3328f252d888da0fd5ce7d37cf2d8b8b3e7,8d5b08e6c9cfd1331631f65bf094bf4cfd08f751,Modified,MattEland.Wherewolf.Tests/RunGameTests.cs,4,4,26,1,04/21/2024 01:59:12,Reorganizing for game setup and early probability,0
0eabd3328f252d888da0fd5ce7d37cf2d8b8b3e7,3c53133e8e89dd386c33aec3acc34ffff879fdbd,Modified,MattEland.Wherewolf.Tests/StartGameTests.cs,46,46,209,1,04/21/2024 01:59:12,Reorganizing for game setup and early probability,0
0eabd3328f252d888da0fd5ce7d37cf2d8b8b3e7,b001fd0b6a2288ad10e82b5dd2f209e8b127e44c,Added,MattEland.Wherewolf/CardProbability.cs,7,0,7,1,04/21/2024 01:59:12,Reorganizing for game setup and early probability,0
0eabd3328f252d888da0fd5ce7d37cf2d8b8b3e7,45b2a3070affb3ada28811d4ecbf3be9d2eb05b3,Modified,MattEland.Wherewolf/Events/DealtCardEvent.cs,4,4,23,1,04/21/2024 01:59:12,Reorganizing for game setup and early probability,0
0eabd3328f252d888da0fd5ce7d37cf2d8b8b3e7,0cbd584fce7ad482bf8e7f9713a6fb5c36a4412b,Renamed,MattEland.Wherewolf/GameSetup.cs,18,2,68,1,04/21/2024 01:59:12,Reorganizing for game setup and early probability,0
0eabd3328f252d888da0fd5ce7d37cf2d8b8b3e7,562dfd53a6d9e6fde1063bc8fb45dcaa50885bb3,Modified,MattEland.Wherewolf/GameState.cs,18,32,145,1,04/21/2024 01:59:12,Reorganizing for game setup and early probability,0
0eabd3328f252d888da0fd5ce7d37cf2d8b8b3e7,779d46fd9c3a82bfde8707a39c2fb324ed110c64,Modified,MattEland.Wherewolf/PlayerState.cs,13,1,31,1,04/21/2024 01:59:12,Reorganizing for game setup and early probability,0
599ad20362a79706f59ea4e094a4ea0d22ac3d37,bfa1a758c1d0e102ef2068e050fa37d28769ddf3,Renamed,MattEland.Wherewolf.Tests/Probability/BasicProbabilityTests.cs,1,1,26,1,04/21/2024 02:35:55,Early permutation work,0
599ad20362a79706f59ea4e094a4ea0d22ac3d37,38aa4a65d15abcf982d7e0e1743409bf5865f395,Added,MattEland.Wherewolf.Tests/Probability/GameSetupPermutationTests.cs,24,0,24,1,04/21/2024 02:35:55,Early permutation work,0
599ad20362a79706f59ea4e094a4ea0d22ac3d37,4a92e1f759bc44c96451259f2f7b534dda7c2b8c,Added,MattEland.Wherewolf/GamePermutation.cs,13,0,13,1,04/21/2024 02:35:55,Early permutation work,0
599ad20362a79706f59ea4e094a4ea0d22ac3d37,dd1ba5402e00ac83dd574760805059578146bc2c,Modified,MattEland.Wherewolf/GameSetup.cs,26,0,94,1,04/21/2024 02:35:55,Early permutation work,0
599ad20362a79706f59ea4e094a4ea0d22ac3d37,7e9740c42482eddfc5d8a5015f9570685896d34d,Modified,MattEland.Wherewolf/GameState.cs,7,3,149,1,04/21/2024 02:35:55,Early permutation work,0
599ad20362a79706f59ea4e094a4ea0d22ac3d37,23b824f2e4d092c49a92c132c00f510d8f26572c,Modified,MattEland.Wherewolf/MattEland.Wherewolf.csproj,4,0,14,1,04/21/2024 02:35:55,Early permutation work,0
0ed9aae56436a3cacd445638602e2f02f01d8384,bf053bdec76f25d79db124573f4e928af08e002e,Modified,MattEland.Wherewolf.Tests/Probability/GameSetupPermutationTests.cs,2,2,24,1,04/21/2024 02:58:22,Working probability engine,0
0ed9aae56436a3cacd445638602e2f02f01d8384,b0761b53ed85f2b46e87b93edda70551a1b0d07e,Modified,MattEland.Wherewolf/Events/DealtCardEvent.cs,7,0,30,1,04/21/2024 02:58:22,Working probability engine,0
0ed9aae56436a3cacd445638602e2f02f01d8384,1c948fc40a757775f48585f35afa12812d1a1a7f,Modified,MattEland.Wherewolf/Events/GameEvent.cs,2,0,9,1,04/21/2024 02:58:22,Working probability engine,0
0ed9aae56436a3cacd445638602e2f02f01d8384,17972111551281e3c6f5eebffd45acb10776cfce,Modified,MattEland.Wherewolf/Events/SawOtherWolvesEvent.cs,16,0,38,1,04/21/2024 02:58:22,Working probability engine,0
0ed9aae56436a3cacd445638602e2f02f01d8384,6a79209908f953142857b33453bffef387ac4095,Modified,MattEland.Wherewolf/Events/SoloWolfEvent.cs,23,0,44,1,04/21/2024 02:58:22,Working probability engine,0
0ed9aae56436a3cacd445638602e2f02f01d8384,aa15efac9355d1db2b5b92ead4b9fd4fedb07837,Modified,MattEland.Wherewolf/GameState.cs,3,0,152,1,04/21/2024 02:58:22,Working probability engine,0
0ed9aae56436a3cacd445638602e2f02f01d8384,85abae4fb72cf5f71ea6681c3c0dab267820afa5,Modified,MattEland.Wherewolf/PlayerState.cs,16,6,41,1,04/21/2024 02:58:22,Working probability engine,0
764d688785b7da5cfdc8c49bf2fe43307a6d5279,f46d8ca15e71517928e65d50e48faaa41049b3ad,Modified,MattEland.Wherewolf.Tests/Probability/BasicProbabilityTests.cs,25,4,47,1,04/21/2024 03:07:55,Support-based calculation of start cards,0
764d688785b7da5cfdc8c49bf2fe43307a6d5279,0000000000000000000000000000000000000000,Deleted,MattEland.Wherewolf/CardProbability.cs,0,7,0,1,04/21/2024 03:07:55,Support-based calculation of start cards,0
764d688785b7da5cfdc8c49bf2fe43307a6d5279,18fbded8e243bef11c1bbdb713aaa498408e7c4c,Modified,MattEland.Wherewolf/PlayerState.cs,7,7,41,1,04/21/2024 03:07:55,Support-based calculation of start cards,0
767f10472cb3776b6e09aefd24b991dfc69fcc3e,aabd49ee06a634450b5744697848ff0e6e14d9ca,Modified,MattEland.Wherewolf.Console/Program.cs,37,0,115,1,04/21/2024 03:30:27,Brute force probability seems to be working,0
767f10472cb3776b6e09aefd24b991dfc69fcc3e,a4fdcb9e63bfdf9c5f928bc6fee9a709d8bafaa2,Modified,MattEland.Wherewolf.Tests/Probability/BasicProbabilityTests.cs,40,0,87,1,04/21/2024 03:30:27,Brute force probability seems to be working,0
2e35f8f54b32473685168be1aa72408507d598e1,49adbe9de50b603d3d72cfb012dd81df2bc01512,Modified,MattEland.Wherewolf.Console/Program.cs,33,3,145,1,04/21/2024 18:19:26,Added a mechanism to get all possible worlds,0
2e35f8f54b32473685168be1aa72408507d598e1,ed1472bf27a91435f1f387f9c3ac7aa06cb8ef92,Added,MattEland.Wherewolf.Tests/Helpers/TestingSetups.cs,23,0,23,1,04/21/2024 18:19:26,Added a mechanism to get all possible worlds,0
2e35f8f54b32473685168be1aa72408507d598e1,ed13deaeee9d485e7ef80ae143aab285e576042e,Modified,MattEland.Wherewolf.Tests/PlayerStateTests.cs,7,4,44,1,04/21/2024 18:19:26,Added a mechanism to get all possible worlds,0
2e35f8f54b32473685168be1aa72408507d598e1,bbfc4450e9956f3d7b95390ce33c5ef43b47c93e,Modified,MattEland.Wherewolf.Tests/Probability/BasicProbabilityTests.cs,18,15,90,1,04/21/2024 18:19:26,Added a mechanism to get all possible worlds,0
2e35f8f54b32473685168be1aa72408507d598e1,a14e8baf920b1b9f6a7cd57d14c69cfebb8279fa,Modified,MattEland.Wherewolf/GamePermutation.cs,3,0,16,1,04/21/2024 18:19:26,Added a mechanism to get all possible worlds,0
2e35f8f54b32473685168be1aa72408507d598e1,bb057b16c7e8815f0b1224ca61be19e5e28c832a,Modified,MattEland.Wherewolf/GameState.cs,2,1,153,1,04/21/2024 18:19:26,Added a mechanism to get all possible worlds,0
2e35f8f54b32473685168be1aa72408507d598e1,19f994ac8f0e0f050005a3f4823bbff6f65682ca,Added,MattEland.Wherewolf/PlayerProbabilities.cs,26,0,26,1,04/21/2024 18:19:26,Added a mechanism to get all possible worlds,0
2e35f8f54b32473685168be1aa72408507d598e1,a201c8370d56a215230feb21d279fca4a1cd78f4,Modified,MattEland.Wherewolf/PlayerState.cs,27,16,52,1,04/21/2024 18:19:26,Added a mechanism to get all possible worlds,0
2e35f8f54b32473685168be1aa72408507d598e1,97a806561fc39bb669a17a34940526394eb688ba,Added,MattEland.Wherewolf/SlotRoleProbabilities.cs,24,0,24,1,04/21/2024 18:19:26,Added a mechanism to get all possible worlds,0
2cd5f4952df7a5214d3014bce34210e50909730a,9f90a837db459733c7f2d407bd46f05fd82cef1c,Added,MattEland.Wherewolf.Console/HumanController.cs,14,0,14,1,04/21/2024 18:42:01,Lone wolf peek is now fully implemented,0
2cd5f4952df7a5214d3014bce34210e50909730a,3094c7bd0417f04f8ef4cabd80143a8d386d6a63,Modified,MattEland.Wherewolf.Console/Program.cs,2,3,144,1,04/21/2024 18:42:01,Lone wolf peek is now fully implemented,0
2cd5f4952df7a5214d3014bce34210e50909730a,c753d00d354bf096376a03939f6848395831b0ff,Modified,MattEland.Wherewolf.Tests/Roles/WerewolfRoleTests.cs,27,2,84,1,04/21/2024 18:42:01,Lone wolf peek is now fully implemented,0
2cd5f4952df7a5214d3014bce34210e50909730a,0000000000000000000000000000000000000000,Deleted,MattEland.Wherewolf/Controllers/HumanController.cs,0,5,0,1,04/21/2024 18:42:01,Lone wolf peek is now fully implemented,0
2cd5f4952df7a5214d3014bce34210e50909730a,c6b80d131084951631b17b6d1cb3d074d15ceffa,Modified,MattEland.Wherewolf/Controllers/PlayerController.cs,1,0,6,1,04/21/2024 18:42:01,Lone wolf peek is now fully implemented,0
2cd5f4952df7a5214d3014bce34210e50909730a,5046d8dedcd0db16935c870bc0a90b99723515b9,Modified,MattEland.Wherewolf/Controllers/RandomController.cs,3,0,9,1,04/21/2024 18:42:01,Lone wolf peek is now fully implemented,0
2cd5f4952df7a5214d3014bce34210e50909730a,02047458f5c9f6fef6e732efacd3d62020631b8e,Renamed,MattEland.Wherewolf/Events/LoneWolfEvent.cs,2,2,44,1,04/21/2024 18:42:01,Lone wolf peek is now fully implemented,0
2cd5f4952df7a5214d3014bce34210e50909730a,a7f3a5eb127ba2c3e25a8ac18ef05c1747a688b6,Added,MattEland.Wherewolf/Events/LoneWolfLookedAtSlotEvent.cs,46,0,46,1,04/21/2024 18:42:01,Lone wolf peek is now fully implemented,0
2cd5f4952df7a5214d3014bce34210e50909730a,b2efdb4cf3e2910910f001ab8c78b88a29ed4b93,Modified,MattEland.Wherewolf/GameSlot.cs,1,0,9,1,04/21/2024 18:42:01,Lone wolf peek is now fully implemented,0
2cd5f4952df7a5214d3014bce34210e50909730a,6ae84238cebea79e95aec8c194c6aa5ec67c2522,Modified,MattEland.Wherewolf/Phases/WerewolfNightPhase.cs,8,1,31,1,04/21/2024 18:42:01,Lone wolf peek is now fully implemented,0
c55fe3c28cf5a12f5b45f26bba499bfdc1df460f,c5c45c1df2c8489d1271eb4637e25310c55491be,Modified,MattEland.Wherewolf.Tests/Roles/WerewolfRoleTests.cs,33,0,117,1,04/21/2024 19:09:14,Added knowledge test for lone wolf,0
c55fe3c28cf5a12f5b45f26bba499bfdc1df460f,dc3fc8889f159b39f09d491990cec3cfd4002a05,Added,MattEland.Wherewolf/Controllers/FixedSelectionController.cs,14,0,14,1,04/21/2024 19:09:14,Added knowledge test for lone wolf,0
ee8e28e440594e62cb61509b3ca5400411db02e4,0fa559e9de915ff6770853536b432cfdc8a4d15c,Modified,MattEland.Wherewolf.Console/HumanController.cs,7,0,21,1,04/21/2024 22:20:24,Early implementation of Robber,0
ee8e28e440594e62cb61509b3ca5400411db02e4,681ae85eb82c8cfee71fd6dd80a8b87f64155676,Modified,MattEland.Wherewolf.Console/Program.cs,3,2,145,1,04/21/2024 22:20:24,Early implementation of Robber,0
ee8e28e440594e62cb61509b3ca5400411db02e4,58cb8a9cef740fc735b5c72e142bbd8817078102,Modified,MattEland.Wherewolf.Tests/Probability/BasicProbabilityTests.cs,8,8,90,1,04/21/2024 22:20:24,Early implementation of Robber,0
ee8e28e440594e62cb61509b3ca5400411db02e4,361f4b757631115f8b553d0bd16165380b434d37,Added,MattEland.Wherewolf.Tests/Roles/RobberRoleTests.cs,71,0,71,1,04/21/2024 22:20:24,Early implementation of Robber,0
ee8e28e440594e62cb61509b3ca5400411db02e4,0e5c2bac154089e4e98695835207c7c9b0b9e98d,Modified,MattEland.Wherewolf.Tests/Roles/WerewolfRoleTests.cs,7,5,119,1,04/21/2024 22:20:24,Early implementation of Robber,0
ee8e28e440594e62cb61509b3ca5400411db02e4,3b1c874d25d321cbd491714603a48d88ab79d66e,Modified,MattEland.Wherewolf/Controllers/FixedSelectionController.cs,4,0,18,1,04/21/2024 22:20:24,Early implementation of Robber,0
ee8e28e440594e62cb61509b3ca5400411db02e4,7806e07ad1c66243a2c18f9ef746c992b87c238a,Modified,MattEland.Wherewolf/Controllers/PlayerController.cs,2,0,8,1,04/21/2024 22:20:24,Early implementation of Robber,0
ee8e28e440594e62cb61509b3ca5400411db02e4,8bd42a069aa98fb210bd57242030fd08e5ea1023,Modified,MattEland.Wherewolf/Controllers/RandomController.cs,4,0,13,1,04/21/2024 22:20:24,Early implementation of Robber,0
ee8e28e440594e62cb61509b3ca5400411db02e4,2790af6642cf9a8250a41439699920922f0fd2ca,Added,MattEland.Wherewolf/Events/RobbedPlayerEvent.cs,28,0,28,1,04/21/2024 22:20:24,Early implementation of Robber,0
ee8e28e440594e62cb61509b3ca5400411db02e4,7d2f44e522d727bf78a55495f21c8c5abdeb6a19,Modified,MattEland.Wherewolf/GameSlot.cs,1,1,9,1,04/21/2024 22:20:24,Early implementation of Robber,0
ee8e28e440594e62cb61509b3ca5400411db02e4,934bd0a35bc8ec3bd6995708c8a7015b84efb888,Added,MattEland.Wherewolf/Phases/RobberNightPhase.cs,31,0,31,1,04/21/2024 22:20:24,Early implementation of Robber,0
ee8e28e440594e62cb61509b3ca5400411db02e4,a0334889855160069d3b8e28f198a17ab9533d72,Modified,MattEland.Wherewolf/PlayerProbabilities.cs,1,1,26,1,04/21/2024 22:20:24,Early implementation of Robber,0
ee8e28e440594e62cb61509b3ca5400411db02e4,119df00f75af59a9f8fd52fa512f1d84ea943462,Added,MattEland.Wherewolf/Roles/RobberRole.cs,15,0,15,1,04/21/2024 22:20:24,Early implementation of Robber,0
ee8e28e440594e62cb61509b3ca5400411db02e4,cd12707d0c65e9930de2923a78ee6708a77518e3,Modified,MattEland.Wherewolf/SlotRoleProbabilities.cs,8,12,20,1,04/21/2024 22:20:24,Early implementation of Robber,0
fca7fd622d2aa683839b79f298bcfc41e01b5223,d04dc9ee6577d00f37babcafc669aece85d06fc5,Modified,MattEland.Wherewolf/Events/RobbedPlayerEvent.cs,11,2,37,1,04/21/2024 22:23:46,Probability refinements for robbing event,0
f857690c2e933ce13741721c763a491dada0055f,ef05d224be4bdfa76687126a98999a8a8547810e,Modified,MattEland.Wherewolf.Console/DisplayHelpers.cs,16,2,70,1,04/26/2024 04:20:14,Merge branch 'InsomniacAndCurrentProbability',0
f857690c2e933ce13741721c763a491dada0055f,70dc385e0d228b50c224a29b2e4deac5a647eaf6,Modified,MattEland.Wherewolf.Console/HumanController.cs,7,0,28,1,04/26/2024 04:20:14,Merge branch 'InsomniacAndCurrentProbability',0
f857690c2e933ce13741721c763a491dada0055f,81305f039652d100e9741222a54bc2176a8b0646,Modified,MattEland.Wherewolf.Console/Program.cs,8,43,110,1,04/26/2024 04:20:14,Merge branch 'InsomniacAndCurrentProbability',0
f857690c2e933ce13741721c763a491dada0055f,14d8d1f8bf036aab8f6fd95bf05bf66b79a980c8,Modified,MattEland.Wherewolf.Tests/GamePlayerTests.cs,2,2,53,1,04/26/2024 04:20:14,Merge branch 'InsomniacAndCurrentProbability',0
f857690c2e933ce13741721c763a491dada0055f,76575c58de0bd8bc989033bd63596baead4d1ad7,Added,MattEland.Wherewolf.Tests/GameStatePermutationTests.cs,100,0,100,1,04/26/2024 04:20:14,Merge branch 'InsomniacAndCurrentProbability',0
f857690c2e933ce13741721c763a491dada0055f,0134c3bcac3cc4672acdfc32aba1daf8a575987c,Added,MattEland.Wherewolf.Tests/Phases/RobberPhaseTests.cs,27,0,27,1,04/26/2024 04:20:14,Merge branch 'InsomniacAndCurrentProbability',0
f857690c2e933ce13741721c763a491dada0055f,0000000000000000000000000000000000000000,Deleted,MattEland.Wherewolf.Tests/PlayerStateTests.cs,0,44,0,1,04/26/2024 04:20:14,Merge branch 'InsomniacAndCurrentProbability',0
f857690c2e933ce13741721c763a491dada0055f,65052b1ef1da63013b685e731b02b088488991c6,Modified,MattEland.Wherewolf.Tests/Probability/BasicProbabilityTests.cs,40,24,106,1,04/26/2024 04:20:14,Merge branch 'InsomniacAndCurrentProbability',0
f857690c2e933ce13741721c763a491dada0055f,f454639e7dbc9edcbdd3ce4d36dfdff214f66929,Modified,MattEland.Wherewolf.Tests/Probability/GameSetupPermutationTests.cs,1,1,24,1,04/26/2024 04:20:14,Merge branch 'InsomniacAndCurrentProbability',0
f857690c2e933ce13741721c763a491dada0055f,81747010a1d4e7ab917afd243938680de903b5ca,Added,MattEland.Wherewolf.Tests/Roles/InsomniacRoleTests.cs,121,0,121,1,04/26/2024 04:20:14,Merge branch 'InsomniacAndCurrentProbability',0
f857690c2e933ce13741721c763a491dada0055f,5e5fe260a4baa9700fa4250908a09a6d5dd32792,Modified,MattEland.Wherewolf.Tests/Roles/RobberRoleTests.cs,23,7,87,1,04/26/2024 04:20:14,Merge branch 'InsomniacAndCurrentProbability',0
f857690c2e933ce13741721c763a491dada0055f,90b3432320252df7fe01dbab9a79dbed542db560,Modified,MattEland.Wherewolf.Tests/Roles/VillagerRoleTests.cs,1,6,31,1,04/26/2024 04:20:14,Merge branch 'InsomniacAndCurrentProbability',0
f857690c2e933ce13741721c763a491dada0055f,fc1cd77d4cf3f7bd14cb63c07d7b5896f4153451,Modified,MattEland.Wherewolf.Tests/Roles/WerewolfRoleTests.cs,17,19,117,1,04/26/2024 04:20:14,Merge branch 'InsomniacAndCurrentProbability',0
f857690c2e933ce13741721c763a491dada0055f,1d234340cd4b24ee116aab045825df84944d9f69,Modified,MattEland.Wherewolf.Tests/StartGameTests.cs,1,1,209,1,04/26/2024 04:20:14,Merge branch 'InsomniacAndCurrentProbability',0
f857690c2e933ce13741721c763a491dada0055f,ffd181a989c1ed6f6c26d7b2c99733512d72eacf,Modified,MattEland.Wherewolf/Controllers/PlayerController.cs,6,0,14,1,04/26/2024 04:20:14,Merge branch 'InsomniacAndCurrentProbability',0
f857690c2e933ce13741721c763a491dada0055f,6b3e38c6c0f8c106c15ba173c0971962f1668574,Modified,MattEland.Wherewolf/Events/GameEvent.cs,2,0,11,1,04/26/2024 04:20:14,Merge branch 'InsomniacAndCurrentProbability',0
f857690c2e933ce13741721c763a491dada0055f,47c68cd909d1209943974aa93c5bf0c4fd678449,Added,MattEland.Wherewolf/Events/InsomniacSawFinalCardEvent.cs,29,0,29,1,04/26/2024 04:20:14,Merge branch 'InsomniacAndCurrentProbability',0
f857690c2e933ce13741721c763a491dada0055f,2084bfa08d18715c6c129c2a8091a23a428d3418,Modified,MattEland.Wherewolf/Events/LoneWolfLookedAtSlotEvent.cs,2,2,46,1,04/26/2024 04:20:14,Merge branch 'InsomniacAndCurrentProbability',0
f857690c2e933ce13741721c763a491dada0055f,ef2ba57b91c5a245aa51973ca0ee949ae2205305,Modified,MattEland.Wherewolf/Events/RobbedPlayerEvent.cs,21,5,53,1,04/26/2024 04:20:14,Merge branch 'InsomniacAndCurrentProbability',0
f857690c2e933ce13741721c763a491dada0055f,58d32c8e69ef750df4b06f637e9e35f493f28a8f,Modified,MattEland.Wherewolf/GamePermutation.cs,9,4,21,1,04/26/2024 04:20:14,Merge branch 'InsomniacAndCurrentProbability',0
f857690c2e933ce13741721c763a491dada0055f,ac9fade5abbb29b9ef6929ad94a35c7c2b5b8f94,Modified,MattEland.Wherewolf/GameSetup.cs,82,18,158,1,04/26/2024 04:20:14,Merge branch 'InsomniacAndCurrentProbability',0
f857690c2e933ce13741721c763a491dada0055f,5c3067ff08beb8397b9df3225eb2552399777d1f,Modified,MattEland.Wherewolf/GameSlot.cs,32,2,39,1,04/26/2024 04:20:14,Merge branch 'InsomniacAndCurrentProbability',0
f857690c2e933ce13741721c763a491dada0055f,20e6502be98d73d5b524677af602ef74a26bfe0d,Modified,MattEland.Wherewolf/GameState.cs,106,44,215,1,04/26/2024 04:20:14,Merge branch 'InsomniacAndCurrentProbability',0
f857690c2e933ce13741721c763a491dada0055f,9e6b0681568139aeab359abb167900baba14c905,Renamed,MattEland.Wherewolf/NonShuffler.cs,1,1,9,1,04/26/2024 04:20:14,Merge branch 'InsomniacAndCurrentProbability',0
f857690c2e933ce13741721c763a491dada0055f,34ef2dee13748f5765302b7334e3cc47eebb4fc8,Modified,MattEland.Wherewolf/Phases/GamePhase.cs,3,0,11,1,04/26/2024 04:20:14,Merge branch 'InsomniacAndCurrentProbability',0
f857690c2e933ce13741721c763a491dada0055f,c1cbf70b770abc5037db130751614d1292b9143d,Added,MattEland.Wherewolf/Phases/InsomniacNightPhase.cs,49,0,49,1,04/26/2024 04:20:14,Merge branch 'InsomniacAndCurrentProbability',0
f857690c2e933ce13741721c763a491dada0055f,7ca36ff8e7440bb0fac541e6fab4283e61f17d90,Modified,MattEland.Wherewolf/Phases/RobberNightPhase.cs,41,9,63,1,04/26/2024 04:20:14,Merge branch 'InsomniacAndCurrentProbability',0
f857690c2e933ce13741721c763a491dada0055f,918b086163152b84bbba0751c231217a0801473c,Modified,MattEland.Wherewolf/Phases/WerewolfNightPhase.cs,32,1,62,1,04/26/2024 04:20:14,Merge branch 'InsomniacAndCurrentProbability',0
f857690c2e933ce13741721c763a491dada0055f,5db1051158de25434040bcc114ee9e809d2ce2ae,Modified,MattEland.Wherewolf/PlayerProbabilities.cs,23,12,37,1,04/26/2024 04:20:14,Merge branch 'InsomniacAndCurrentProbability',0
f857690c2e933ce13741721c763a491dada0055f,0000000000000000000000000000000000000000,Deleted,MattEland.Wherewolf/PlayerState.cs,0,52,0,1,04/26/2024 04:20:14,Merge branch 'InsomniacAndCurrentProbability',0
f857690c2e933ce13741721c763a491dada0055f,d7799bc9f22bf2527e6b379300b86b5736bfa60d,Modified,MattEland.Wherewolf/Roles/GameRole.cs,2,0,17,1,04/26/2024 04:20:14,Merge branch 'InsomniacAndCurrentProbability',0
f857690c2e933ce13741721c763a491dada0055f,854eeb082a7620d73972400404b8aa80a42a71f1,Added,MattEland.Wherewolf/Roles/InsomniacRole.cs,15,0,15,1,04/26/2024 04:20:14,Merge branch 'InsomniacAndCurrentProbability',0
f857690c2e933ce13741721c763a491dada0055f,b4428e23fa7d5edf4fa3caafab7a7e5bd2c31a1c,Modified,MattEland.Wherewolf/SlotRoleProbabilities.cs,18,9,29,1,04/26/2024 04:20:14,Merge branch 'InsomniacAndCurrentProbability',0
4101c815b35483ddc5065c04f648809e3f62b202,19859c5e6cc196e0180a2f0fef8b53fade8a18bd,Modified,MattEland.Wherewolf.Console/Program.cs,38,25,123,1,04/28/2024 00:30:37,Rendering final probabilities as well as start probabilities,0
58e6442b8009bdfe88ed997282e7bf3e43c1b6ea,4c2f99d03839f4d8425e7f8fbf219dd7b0389346,Modified,MattEland.Wherewolf.Console/DisplayHelpers.cs,6,6,70,1,04/28/2024 19:42:58,"Mostly refactored, but robber permutations are broken",0
58e6442b8009bdfe88ed997282e7bf3e43c1b6ea,d8d0e6ba24543580c3aca5c386f78d4644dd7108,Modified,MattEland.Wherewolf.Console/Program.cs,5,5,123,1,04/28/2024 19:42:58,"Mostly refactored, but robber permutations are broken",0
58e6442b8009bdfe88ed997282e7bf3e43c1b6ea,cf551c7e9247845c03eb22d215ed50a8650d7457,Modified,MattEland.Wherewolf.Tests/GameRoleTests.cs,2,22,33,1,04/28/2024 19:42:58,"Mostly refactored, but robber permutations are broken",0
58e6442b8009bdfe88ed997282e7bf3e43c1b6ea,d1629305352881eca6078b9772faa06cb904cbeb,Modified,MattEland.Wherewolf.Tests/GameStatePermutationTests.cs,6,6,100,1,04/28/2024 19:42:58,"Mostly refactored, but robber permutations are broken",0
58e6442b8009bdfe88ed997282e7bf3e43c1b6ea,f2f65899ac6546a8b7d47c7d08c022b8a6f1ff94,Modified,MattEland.Wherewolf.Tests/GameTestsBase.cs,2,2,23,1,04/28/2024 19:42:58,"Mostly refactored, but robber permutations are broken",0
58e6442b8009bdfe88ed997282e7bf3e43c1b6ea,8476622d2235993d82a82240ae95378eb85c5531,Modified,MattEland.Wherewolf.Tests/Helpers/TestingSetups.cs,4,4,23,1,04/28/2024 19:42:58,"Mostly refactored, but robber permutations are broken",0
58e6442b8009bdfe88ed997282e7bf3e43c1b6ea,06198b531c08c0d61b014ef1471cefea96dfd17e,Modified,MattEland.Wherewolf.Tests/Phases/RobberPhaseTests.cs,2,2,27,1,04/28/2024 19:42:58,"Mostly refactored, but robber permutations are broken",0
58e6442b8009bdfe88ed997282e7bf3e43c1b6ea,85eb23c9bef9f32f39e1555fc8712aa63e6fc18b,Modified,MattEland.Wherewolf.Tests/Probability/BasicProbabilityTests.cs,12,12,106,1,04/28/2024 19:42:58,"Mostly refactored, but robber permutations are broken",0
58e6442b8009bdfe88ed997282e7bf3e43c1b6ea,dfaa1a7d084c3550acc459bd284cec8e5718deb5,Modified,MattEland.Wherewolf.Tests/Probability/GameSetupPermutationTests.cs,1,1,24,1,04/28/2024 19:42:58,"Mostly refactored, but robber permutations are broken",0
58e6442b8009bdfe88ed997282e7bf3e43c1b6ea,a7ec53033ceb51c9df827cfb8ee6fdbb30b5c7c8,Modified,MattEland.Wherewolf.Tests/Roles/InsomniacRoleTests.cs,13,13,121,1,04/28/2024 19:42:58,"Mostly refactored, but robber permutations are broken",0
58e6442b8009bdfe88ed997282e7bf3e43c1b6ea,ce943a01c08e394d362b2327e3326407c4086cdc,Modified,MattEland.Wherewolf.Tests/Roles/RobberRoleTests.cs,9,9,87,1,04/28/2024 19:42:58,"Mostly refactored, but robber permutations are broken",0
58e6442b8009bdfe88ed997282e7bf3e43c1b6ea,181af9d859b4d6a359379e59459722d5dc24828a,Modified,MattEland.Wherewolf.Tests/Roles/VillagerRoleTests.cs,3,10,24,1,04/28/2024 19:42:58,"Mostly refactored, but robber permutations are broken",0
58e6442b8009bdfe88ed997282e7bf3e43c1b6ea,924ad9e7316f7cd870e804330db88b860c8c8f5c,Modified,MattEland.Wherewolf.Tests/Roles/WerewolfRoleTests.cs,26,26,117,1,04/28/2024 19:42:58,"Mostly refactored, but robber permutations are broken",0
58e6442b8009bdfe88ed997282e7bf3e43c1b6ea,367dc6e141001b4bbcfa1efb616da72ce537267f,Modified,MattEland.Wherewolf.Tests/StartGameTests.cs,3,26,186,1,04/28/2024 19:42:58,"Mostly refactored, but robber permutations are broken",0
58e6442b8009bdfe88ed997282e7bf3e43c1b6ea,eb374257c4f9ac28c92e26a9ddeef86bba53efba,Modified,MattEland.Wherewolf/Events/DealtCardEvent.cs,2,2,30,1,04/28/2024 19:42:58,"Mostly refactored, but robber permutations are broken",0
58e6442b8009bdfe88ed997282e7bf3e43c1b6ea,1cfa820dd5d196d4495b4c18fa392389c8f68917,Modified,MattEland.Wherewolf/Events/InsomniacSawFinalCardEvent.cs,4,4,29,1,04/28/2024 19:42:58,"Mostly refactored, but robber permutations are broken",0
58e6442b8009bdfe88ed997282e7bf3e43c1b6ea,91964e7c6394755c8b1a2c5994b29a15af607e2a,Modified,MattEland.Wherewolf/Events/LoneWolfEvent.cs,2,2,44,1,04/28/2024 19:42:58,"Mostly refactored, but robber permutations are broken",0
58e6442b8009bdfe88ed997282e7bf3e43c1b6ea,f0a5f9e67a6c0aa64a11bf03a87f9b8f01b8532c,Modified,MattEland.Wherewolf/Events/LoneWolfLookedAtSlotEvent.cs,5,5,46,1,04/28/2024 19:42:58,"Mostly refactored, but robber permutations are broken",0
58e6442b8009bdfe88ed997282e7bf3e43c1b6ea,2d854487c44c39ee38b7b4854c9331ef456a0eea,Modified,MattEland.Wherewolf/Events/RobbedPlayerEvent.cs,6,7,52,1,04/28/2024 19:42:58,"Mostly refactored, but robber permutations are broken",0
58e6442b8009bdfe88ed997282e7bf3e43c1b6ea,1bf513f8a7e3fdf3ae08c7f96fc30ba294f0b595,Modified,MattEland.Wherewolf/Events/SawOtherWolvesEvent.cs,11,1,48,1,04/28/2024 19:42:58,"Mostly refactored, but robber permutations are broken",0
58e6442b8009bdfe88ed997282e7bf3e43c1b6ea,95c7bae9ad179d284aa8f7231c60964edd1bf5ca,Modified,MattEland.Wherewolf/GameSetup.cs,11,11,158,1,04/28/2024 19:42:58,"Mostly refactored, but robber permutations are broken",0
58e6442b8009bdfe88ed997282e7bf3e43c1b6ea,7250314ce4e2e521196e40c47722d213afc49bd0,Modified,MattEland.Wherewolf/GameSlot.cs,0,9,30,1,04/28/2024 19:42:58,"Mostly refactored, but robber permutations are broken",0
58e6442b8009bdfe88ed997282e7bf3e43c1b6ea,9cf11ed03326ae3fc9984fec11bbcf10549de68f,Modified,MattEland.Wherewolf/GameState.cs,22,7,230,1,04/28/2024 19:42:58,"Mostly refactored, but robber permutations are broken",0
58e6442b8009bdfe88ed997282e7bf3e43c1b6ea,c073adc1fe2bf5a004338fe1e36a1f7fdb045b72,Modified,MattEland.Wherewolf/Phases/InsomniacNightPhase.cs,2,1,50,1,04/28/2024 19:42:58,"Mostly refactored, but robber permutations are broken",0
58e6442b8009bdfe88ed997282e7bf3e43c1b6ea,b2d74ba5f3963cb76df198f26a1b6e068e3dbc1f,Modified,MattEland.Wherewolf/Phases/RobberNightPhase.cs,2,2,63,1,04/28/2024 19:42:58,"Mostly refactored, but robber permutations are broken",0
58e6442b8009bdfe88ed997282e7bf3e43c1b6ea,66e7bba255b495f07db5454384514e7280fe80e4,Modified,MattEland.Wherewolf/Phases/WerewolfNightPhase.cs,2,2,62,1,04/28/2024 19:42:58,"Mostly refactored, but robber permutations are broken",0
58e6442b8009bdfe88ed997282e7bf3e43c1b6ea,30bf415e4fd72ef40c0fbcf766e69cebd6b98a30,Modified,MattEland.Wherewolf/PlayerProbabilities.cs,4,2,39,1,04/28/2024 19:42:58,"Mostly refactored, but robber permutations are broken",0
58e6442b8009bdfe88ed997282e7bf3e43c1b6ea,a4f5b3542ccbc3bbcf6bfbfbf750cd5593dfaef8,Modified,MattEland.Wherewolf/Roles/GameRole.cs,5,11,11,1,04/28/2024 19:42:58,"Mostly refactored, but robber permutations are broken",0
58e6442b8009bdfe88ed997282e7bf3e43c1b6ea,0000000000000000000000000000000000000000,Deleted,MattEland.Wherewolf/Roles/InsomniacRole.cs,0,15,0,1,04/28/2024 19:42:58,"Mostly refactored, but robber permutations are broken",0
58e6442b8009bdfe88ed997282e7bf3e43c1b6ea,0000000000000000000000000000000000000000,Deleted,MattEland.Wherewolf/Roles/RobberRole.cs,0,15,0,1,04/28/2024 19:42:58,"Mostly refactored, but robber permutations are broken",0
58e6442b8009bdfe88ed997282e7bf3e43c1b6ea,d81fee9f9fdc5847bd7e895b83fbcae573652ee4,Added,MattEland.Wherewolf/Roles/RoleExtensions.cs,34,0,34,1,04/28/2024 19:42:58,"Mostly refactored, but robber permutations are broken",0
58e6442b8009bdfe88ed997282e7bf3e43c1b6ea,0000000000000000000000000000000000000000,Deleted,MattEland.Wherewolf/Roles/VillagerRole.cs,0,8,0,1,04/28/2024 19:42:58,"Mostly refactored, but robber permutations are broken",0
58e6442b8009bdfe88ed997282e7bf3e43c1b6ea,0000000000000000000000000000000000000000,Deleted,MattEland.Wherewolf/Roles/WerewolfRole.cs,0,15,0,1,04/28/2024 19:42:58,"Mostly refactored, but robber permutations are broken",0
58e6442b8009bdfe88ed997282e7bf3e43c1b6ea,e733327145440d8a37a60d42b156b6cf4e4a0c95,Modified,MattEland.Wherewolf/SlotRoleProbabilities.cs,7,6,30,1,04/28/2024 19:42:58,"Mostly refactored, but robber permutations are broken",0
cf62da41c06729a09d0f7a744888a8fcbbbd7e92,deb7fbacac76138fb49a4e1956db3737fe40cd2c,Added,MattEland.Wherewolf.Tests/Probability/CalculatePermutationsTests.cs,61,0,61,1,04/29/2024 00:16:58,Replicated bug with a test,0
cf62da41c06729a09d0f7a744888a8fcbbbd7e92,28fa14b0ffda0c731e154e3dd3132b772dd94d77,Modified,MattEland.Wherewolf/GameSetup.cs,34,11,181,1,04/29/2024 00:16:58,Replicated bug with a test,0
cf62da41c06729a09d0f7a744888a8fcbbbd7e92,06507dc7c1871c1c9d84c63f4b52a4553bc62816,Modified,MattEland.Wherewolf/GameState.cs,2,0,232,1,04/29/2024 00:16:58,Replicated bug with a test,0
